{"version": "1", "message": "ERROR: Hidden Testcases server unreachable.", "problem_id": "ads2_m2_a1_1", "user_id": "ravalishnuguri", "score": {"sample": {"0": {"execution_time": 0.39612364768981934, "passed": true}, "1": {"execution_time": 0.34167003631591797, "passed": true}, "2": {"execution_time": 0.3514866828918457, "passed": true}, "3": {"execution_time": 0.3865518569946289, "passed": true}, "4": {"execution_time": 0.3549213409423828, "passed": true}, "5": {"execution_time": 0.378401517868042, "passed": true}, "6": {"execution_time": 0.39919090270996094, "passed": true}, "7": {"execution_time": 0.38513731956481934, "passed": true}, "8": {"execution_time": 0.3559088706970215, "passed": true}, "9": {"execution_time": 0.3538031578063965, "passed": true}, "10": {"execution_time": 0.3441944122314453, "passed": true}, "11": {"execution_time": 0.3663785457611084, "passed": true}, "12": {"execution_time": 0.35236120223999023, "passed": true}, "13": {"execution_time": 0.3498406410217285, "passed": true}, "14": {"execution_time": 0.3625776767730713, "passed": true}, "15": {"execution_time": 0.38000941276550293, "passed": true}, "16": {"execution_time": 0.3868904113769531, "passed": true}, "17": {"execution_time": 0.4434239864349365, "passed": true}, "18": {"execution_time": 0.4101846218109131, "passed": true}, "19": {"execution_time": 0.4534437656402588, "passed": true}, "20": {"execution_time": 0.44899463653564453, "passed": true}, "21": {"execution_time": 0.35570430755615234, "passed": true}, "22": {"execution_time": 0.5104906558990479, "passed": true}, "23": {"execution_time": 0.4872870445251465, "passed": true}}}, "check_style_score": "1/1"}