{"version": "1", "message": "ERROR: Hidden Testcases server unreachable.", "problem_id": "ads2_m2_a1_1", "user_id": "ravalishnuguri", "score": {"sample": {"0": {"execution_time": 0.43105626106262207, "passed": true}, "1": {"execution_time": 0.35836362838745117, "passed": true}, "2": {"execution_time": 0.3386521339416504, "passed": true}, "3": {"execution_time": 0.33979034423828125, "passed": true}, "4": {"execution_time": 0.34796690940856934, "passed": true}, "5": {"execution_time": 0.3372335433959961, "passed": true}, "6": {"execution_time": 0.33861732482910156, "passed": true}, "7": {"execution_time": 0.3557705879211426, "passed": true}, "8": {"execution_time": 0.34822988510131836, "passed": true}, "9": {"execution_time": 0.37756800651550293, "passed": true}, "10": {"execution_time": 0.38939476013183594, "passed": true}, "11": {"execution_time": 0.43270063400268555, "passed": true}, "12": {"execution_time": 0.5229909420013428, "passed": true}, "13": {"execution_time": 0.37224483489990234, "passed": true}, "14": {"execution_time": 0.36214160919189453, "passed": true}, "15": {"execution_time": 0.38868284225463867, "passed": true}, "16": {"execution_time": 0.446319580078125, "passed": true}, "17": {"execution_time": 0.5430517196655273, "passed": true}, "18": {"execution_time": 0.4110372066497803, "passed": true}, "19": {"execution_time": 0.47220277786254883, "passed": true}, "20": {"execution_time": 0.5202546119689941, "passed": true}, "21": {"execution_time": 0.5371639728546143, "passed": true}, "22": {"execution_time": 0.5171041488647461, "passed": true}, "23": {"execution_time": 0.5540258884429932, "passed": true}}}, "check_style_score": "1/1"}