{"version": "1", "message": "ERROR: Hidden Testcases server unreachable.", "problem_id": "ads2_m4_a1_1", "user_id": "ravalishnuguri", "score": {"sample": {"0": {"execution_time": 0.4946427345275879, "passed": true}, "1": {"execution_time": 0.4936230182647705, "passed": false}, "2": {"execution_time": 0.49222397804260254, "passed": false}, "3": {"execution_time": 0.5556974411010742, "passed": false}, "4": {"execution_time": 0.40912604331970215, "passed": false}, "5": {"execution_time": 0.4278440475463867, "passed": false}, "6": {"execution_time": 0.41889286041259766, "passed": false}, "7": {"execution_time": 0.3991208076477051, "passed": false}, "8": {"execution_time": 0.47347593307495117, "passed": true}, "9": {"execution_time": 0.3873708248138428, "passed": true}, "10": {"execution_time": 0.4172370433807373, "passed": true}, "11": {"execution_time": 0.40253663063049316, "passed": true}, "12": {"execution_time": 0.39512205123901367, "passed": true}, "13": {"execution_time": 2.0864291191101074, "passed": false}, "14": {"execution_time": 0.4307546615600586, "passed": true}}}, "check_style_score": "0/1"}