{"version": "1", "message": "ERROR: Hidden Testcases server unreachable.", "problem_id": "ads2_m4_a1_1", "user_id": "ravalishnuguri", "score": {"sample": {"0": {"execution_time": 0.44428014755249023, "passed": true}, "1": {"execution_time": 0.46907877922058105, "passed": true}, "2": {"execution_time": 0.5552999973297119, "passed": true}, "3": {"execution_time": 0.5660064220428467, "passed": true}, "4": {"execution_time": 0.44792652130126953, "passed": true}, "5": {"execution_time": 0.4258866310119629, "passed": true}, "6": {"execution_time": 0.43691587448120117, "passed": true}, "7": {"execution_time": 0.48995351791381836, "passed": true}, "8": {"execution_time": 0.524310827255249, "passed": true}, "9": {"execution_time": 0.4169907569885254, "passed": true}, "10": {"execution_time": 0.4064202308654785, "passed": true}, "11": {"execution_time": 0.41423845291137695, "passed": true}, "12": {"execution_time": 0.3907349109649658, "passed": true}, "13": {"execution_time": 2.419463872909546, "passed": true}, "14": {"execution_time": 0.39513540267944336, "passed": true}}}, "check_style_score": "0/1"}