{"version": "1", "message": "ERROR: Hidden Testcases server unreachable.", "problem_id": "ads2_m4_a1_1", "user_id": "ravalishnuguri", "score": {"sample": {"0": {"execution_time": 0.47505688667297363, "passed": true}, "1": {"execution_time": 0.46845006942749023, "passed": true}, "2": {"execution_time": 0.5467319488525391, "passed": true}, "3": {"execution_time": 0.559218168258667, "passed": true}, "4": {"execution_time": 0.4156346321105957, "passed": true}, "5": {"execution_time": 0.42529869079589844, "passed": true}, "6": {"execution_time": 0.4243812561035156, "passed": true}, "7": {"execution_time": 0.4392552375793457, "passed": true}, "8": {"execution_time": 0.45333242416381836, "passed": true}, "9": {"execution_time": 0.39183807373046875, "passed": true}, "10": {"execution_time": 0.3914005756378174, "passed": true}, "11": {"execution_time": 0.3907356262207031, "passed": true}, "12": {"execution_time": 0.4107396602630615, "passed": true}, "13": {"execution_time": 2.4068033695220947, "passed": true}, "14": {"execution_time": 0.45146989822387695, "passed": true}}}, "check_style_score": "0/1"}