{"version": "1", "message": "ERROR: Hidden Testcases server unreachable.", "problem_id": "ads2_m4_a1_1", "user_id": "ravalishnuguri", "score": {"sample": {"0": {"execution_time": 1.0383563041687012, "passed": true}, "1": {"execution_time": 0.5704631805419922, "passed": true}, "2": {"execution_time": 0.5328078269958496, "passed": true}, "3": {"execution_time": 0.5673770904541016, "passed": true}, "4": {"execution_time": 0.4606931209564209, "passed": true}, "5": {"execution_time": 0.49303340911865234, "passed": true}, "6": {"execution_time": 0.44408535957336426, "passed": true}, "7": {"execution_time": 0.4429335594177246, "passed": true}, "8": {"execution_time": 0.4558727741241455, "passed": true}, "9": {"execution_time": 0.393200159072876, "passed": true}, "10": {"execution_time": 0.40132951736450195, "passed": true}, "11": {"execution_time": 0.3994600772857666, "passed": true}, "12": {"execution_time": 0.3889627456665039, "passed": true}, "13": {"execution_time": 2.3726963996887207, "passed": true}, "14": {"execution_time": 0.387387752532959, "passed": true}}}, "check_style_score": "0/1"}