{"version": "1", "message": "ERROR: Hidden Testcases server unreachable.", "problem_id": "ads2_m4_a1_1", "user_id": "ravalishnuguri", "score": {"sample": {"0": {"execution_time": 0.818556547164917, "passed": true}, "1": {"execution_time": 0.7145869731903076, "passed": true}, "2": {"execution_time": 0.6911356449127197, "passed": true}, "3": {"execution_time": 0.6830496788024902, "passed": true}, "4": {"execution_time": 0.5732240676879883, "passed": true}, "5": {"execution_time": 0.5580973625183105, "passed": true}, "6": {"execution_time": 0.6338925361633301, "passed": true}, "7": {"execution_time": 2.4490060806274414, "passed": true}, "8": {"execution_time": 0.7389476299285889, "passed": true}, "9": {"execution_time": 0.4983842372894287, "passed": true}, "10": {"execution_time": 0.48952627182006836, "passed": true}, "11": {"execution_time": 0.48116564750671387, "passed": true}, "12": {"execution_time": 0.48442983627319336, "passed": true}, "13": {"execution_time": 2.711427688598633, "passed": true}, "14": {"execution_time": 0.4628727436065674, "passed": true}}}, "check_style_score": "0/1"}