{"version": "1", "message": "ERROR: Hidden Testcases server unreachable.", "problem_id": "ads2_m4_a1_1", "user_id": "ravalishnuguri", "score": {"sample": {"0": {"execution_time": 0.47536802291870117, "passed": true}, "1": {"execution_time": 0.47412800788879395, "passed": true}, "2": {"execution_time": 0.5675332546234131, "passed": true}, "3": {"execution_time": 0.5731542110443115, "passed": true}, "4": {"execution_time": 0.4360940456390381, "passed": true}, "5": {"execution_time": 0.4490799903869629, "passed": true}, "6": {"execution_time": 0.42894554138183594, "passed": true}, "7": {"execution_time": 0.4182419776916504, "passed": true}, "8": {"execution_time": 0.4670257568359375, "passed": true}, "9": {"execution_time": 0.408170223236084, "passed": true}, "10": {"execution_time": 0.3955543041229248, "passed": true}, "11": {"execution_time": 0.3924734592437744, "passed": true}, "12": {"execution_time": 0.38578057289123535, "passed": true}, "13": {"execution_time": 2.4685280323028564, "passed": true}, "14": {"execution_time": 0.4054834842681885, "passed": true}}}, "check_style_score": "0/1"}