{"version": "1", "message": "ERROR: Hidden Testcases server unreachable.", "problem_id": "ads2_m4_a1_1", "user_id": "ravalishnuguri", "score": {"sample": {"0": {"execution_time": 0.45473480224609375, "passed": true}, "1": {"execution_time": 0.4991765022277832, "passed": true}, "2": {"execution_time": 0.536299467086792, "passed": true}, "3": {"execution_time": 0.5785412788391113, "passed": true}, "4": {"execution_time": 0.4543771743774414, "passed": true}, "5": {"execution_time": 0.46530747413635254, "passed": true}, "6": {"execution_time": 0.45970821380615234, "passed": true}, "7": {"execution_time": 0.42197179794311523, "passed": true}, "8": {"execution_time": 0.45882129669189453, "passed": true}, "9": {"execution_time": 0.3650226593017578, "passed": true}, "10": {"execution_time": 0.4494454860687256, "passed": true}, "11": {"execution_time": 0.39093804359436035, "passed": true}, "12": {"execution_time": 0.4060537815093994, "passed": true}, "13": {"execution_time": 2.401686429977417, "passed": true}, "14": {"execution_time": 0.408022403717041, "passed": true}}}, "check_style_score": "1/1"}