{"version": "1", "message": "ERROR: Hidden Testcases server unreachable.", "problem_id": "ads2_m16_a1_1", "user_id": "ravalishnuguri", "score": {"sample": {"0": {"execution_time": 0.5836374759674072, "passed": true}, "1": {"execution_time": 0.6899805068969727, "passed": false}, "2": {"execution_time": 1.5595364570617676, "passed": true}, "3": {"execution_time": 1.566211223602295, "passed": true}, "4": {"execution_time": 1.5459129810333252, "passed": true}, "5": {"execution_time": 1.5766894817352295, "passed": false}, "6": {"execution_time": 1.5271570682525635, "passed": false}, "7": {"execution_time": 1.4944159984588623, "passed": true}, "8": {"execution_time": 0.7894117832183838, "passed": false}, "9": {"execution_time": 1.5135371685028076, "passed": false}, "10": {"execution_time": 1.5042929649353027, "passed": false}, "11": {"execution_time": 5.940385818481445, "passed": false}, "12": {"execution_time": 1.6629705429077148, "passed": false}, "13": {"execution_time": 0.7419898509979248, "passed": true}, "14": {"execution_time": 1.7995457649230957, "passed": false}, "15": {"execution_time": 1.702338457107544, "passed": false}, "16": {"execution_time": 0.8100318908691406, "passed": true}, "17": {"execution_time": 0.8709921836853027, "passed": true}, "18": {"execution_time": 0.915825366973877, "passed": false}, "19": {"execution_time": 0.903867244720459, "passed": true}, "20": {"execution_time": 0.959951639175415, "passed": false}, "21": {"execution_time": 1.0819830894470215, "passed": false}, "22": {"execution_time": 0.9412350654602051, "passed": false}, "23": {"execution_time": 0.8585896492004395, "passed": false}, "24": {"execution_time": 0.6796610355377197, "passed": true}, "25": {"execution_time": 1.990976333618164, "passed": false}, "26": {"execution_time": 1.3840200901031494, "passed": false}, "27": {"execution_time": 1.83015775680542, "passed": false}, "28": {"execution_time": 2.376418113708496, "passed": false}, "29": {"execution_time": 0.5705356597900391, "passed": false}}}, "check_style_score": "1/1"}