{"version": "1", "message": "ERROR: Hidden Testcases server unreachable.", "problem_id": "ads2_m16_a1_1", "user_id": "ravalishnuguri", "score": {"sample": {"0": {"execution_time": 0.5604631900787354, "passed": false}, "1": {"execution_time": 0.6203148365020752, "passed": false}, "2": {"execution_time": 1.3432345390319824, "passed": false}, "3": {"execution_time": 1.3439505100250244, "passed": false}, "4": {"execution_time": 1.2448694705963135, "passed": false}, "5": {"execution_time": 1.3043391704559326, "passed": false}, "6": {"execution_time": 1.268631935119629, "passed": false}, "7": {"execution_time": 1.3099353313446045, "passed": false}, "8": {"execution_time": 0.6741909980773926, "passed": false}, "9": {"execution_time": 1.3096308708190918, "passed": false}, "10": {"execution_time": 1.2668757438659668, "passed": false}, "11": {"execution_time": 4.607194185256958, "passed": false}, "12": {"execution_time": 1.3369500637054443, "passed": false}, "13": {"execution_time": 0.5803606510162354, "passed": true}, "14": {"execution_time": 1.5660598278045654, "passed": false}, "15": {"execution_time": 1.4591975212097168, "passed": false}, "16": {"execution_time": 0.7983934879302979, "passed": false}, "17": {"execution_time": 0.7593894004821777, "passed": false}, "18": {"execution_time": 0.7438304424285889, "passed": false}, "19": {"execution_time": 0.8079941272735596, "passed": false}, "20": {"execution_time": 0.73520827293396, "passed": false}, "21": {"execution_time": 0.6707315444946289, "passed": false}, "22": {"execution_time": 0.6507091522216797, "passed": false}, "23": {"execution_time": 0.6872713565826416, "passed": false}, "24": {"execution_time": 0.5107896327972412, "passed": true}, "25": {"execution_time": 1.6663835048675537, "passed": false}, "26": {"execution_time": 1.3340115547180176, "passed": false}, "27": {"execution_time": 1.656285285949707, "passed": false}, "28": {"execution_time": 2.034482002258301, "passed": false}, "29": {"execution_time": 0.46182703971862793, "passed": false}}}, "check_style_score": "1/1"}