{"version": "1", "message": "ERROR: Hidden Testcases server unreachable.", "problem_id": "ads2_m16_a1_1", "user_id": "ravalishnuguri", "score": {"sample": {"0": {"execution_time": 0.572991132736206, "passed": true}, "1": {"execution_time": 0.5689911842346191, "passed": true}, "2": {"execution_time": 1.2973332405090332, "passed": true}, "3": {"execution_time": 1.3199844360351562, "passed": true}, "4": {"execution_time": 1.3120319843292236, "passed": true}, "5": {"execution_time": 1.5689430236816406, "passed": true}, "6": {"execution_time": 1.6069977283477783, "passed": true}, "7": {"execution_time": 1.5809764862060547, "passed": true}, "8": {"execution_time": 0.8571581840515137, "passed": true}, "9": {"execution_time": 1.495069980621338, "passed": true}, "10": {"execution_time": 1.5419905185699463, "passed": true}, "11": {"execution_time": 5.838959455490112, "passed": true}, "12": {"execution_time": 1.3709213733673096, "passed": true}, "13": {"execution_time": 0.5069911479949951, "passed": true}, "14": {"execution_time": 1.328979730606079, "passed": true}, "15": {"execution_time": 1.3240227699279785, "passed": true}, "16": {"execution_time": 0.6929919719696045, "passed": true}, "17": {"execution_time": 0.8349988460540771, "passed": true}, "18": {"execution_time": 0.8070235252380371, "passed": true}, "19": {"execution_time": 0.8409872055053711, "passed": true}, "20": {"execution_time": 0.8809506893157959, "passed": true}, "21": {"execution_time": 0.9879918098449707, "passed": true}, "22": {"execution_time": 0.8739893436431885, "passed": true}, "23": {"execution_time": 0.9439876079559326, "passed": true}, "24": {"execution_time": 0.5789556503295898, "passed": true}, "25": {"execution_time": 1.727997064590454, "passed": true}, "26": {"execution_time": 1.3790619373321533, "passed": true}, "27": {"execution_time": 1.7839479446411133, "passed": true}, "28": {"execution_time": 2.4415085315704346, "passed": true}, "29": {"execution_time": 0.41299891471862793, "passed": true}}}, "check_style_score": "1/1"}