{"version": "1", "message": "ERROR: Hidden Testcases server unreachable.", "problem_id": "ads2_m16_a1_1", "user_id": "ravalishnuguri", "score": {"sample": {"0": {"execution_time": 0.6639549732208252, "passed": true}, "1": {"execution_time": 0.6559901237487793, "passed": true}, "2": {"execution_time": 1.3359439373016357, "passed": true}, "3": {"execution_time": 1.4069180488586426, "passed": true}, "4": {"execution_time": 1.4160065650939941, "passed": true}, "5": {"execution_time": 1.3670752048492432, "passed": true}, "6": {"execution_time": 1.324944257736206, "passed": true}, "7": {"execution_time": 1.3269851207733154, "passed": true}, "8": {"execution_time": 0.7049939632415771, "passed": true}, "9": {"execution_time": 1.3329806327819824, "passed": true}, "10": {"execution_time": 1.2969801425933838, "passed": true}, "11": {"execution_time": 5.162959337234497, "passed": true}, "12": {"execution_time": 1.3339803218841553, "passed": true}, "13": {"execution_time": 0.506068229675293, "passed": true}, "14": {"execution_time": 1.3249788284301758, "passed": true}, "15": {"execution_time": 1.5239956378936768, "passed": true}, "16": {"execution_time": 0.7900605201721191, "passed": true}, "17": {"execution_time": 0.7919166088104248, "passed": true}, "18": {"execution_time": 0.7803130149841309, "passed": true}, "19": {"execution_time": 0.906984806060791, "passed": true}, "20": {"execution_time": 0.9230766296386719, "passed": true}, "21": {"execution_time": 0.7538354396820068, "passed": true}, "22": {"execution_time": 0.7589905261993408, "passed": true}, "23": {"execution_time": 0.8018436431884766, "passed": true}, "24": {"execution_time": 0.5359697341918945, "passed": true}, "25": {"execution_time": 1.7169740200042725, "passed": true}, "26": {"execution_time": 1.3279857635498047, "passed": true}, "27": {"execution_time": 1.710047721862793, "passed": true}, "28": {"execution_time": 2.365964889526367, "passed": true}, "29": {"execution_time": 0.3939943313598633, "passed": true}}}, "check_style_score": "1/1"}