{"version": "1", "message": "ERROR: Hidden Testcases server unreachable.", "problem_id": "ads2_m16_a1_1", "user_id": "ravalishnuguri", "score": {"sample": {"0": {"execution_time": 0.7114641666412354, "passed": false}, "1": {"execution_time": 0.631777286529541, "passed": false}, "2": {"execution_time": 1.5839769840240479, "passed": true}, "3": {"execution_time": 1.8119738101959229, "passed": true}, "4": {"execution_time": 1.739306926727295, "passed": true}, "5": {"execution_time": 1.5745353698730469, "passed": false}, "6": {"execution_time": 1.6781730651855469, "passed": false}, "7": {"execution_time": 1.5852630138397217, "passed": false}, "8": {"execution_time": 0.8701722621917725, "passed": false}, "9": {"execution_time": 1.5426762104034424, "passed": false}, "10": {"execution_time": 1.5461742877960205, "passed": false}, "11": {"execution_time": 5.500572443008423, "passed": false}, "12": {"execution_time": 1.3736555576324463, "passed": false}, "13": {"execution_time": 0.559849739074707, "passed": true}, "14": {"execution_time": 1.5097267627716064, "passed": false}, "15": {"execution_time": 1.531865119934082, "passed": false}, "16": {"execution_time": 0.8040835857391357, "passed": true}, "17": {"execution_time": 0.794365644454956, "passed": true}, "18": {"execution_time": 0.8270077705383301, "passed": false}, "19": {"execution_time": 0.8577010631561279, "passed": false}, "20": {"execution_time": 0.8634588718414307, "passed": false}, "21": {"execution_time": 0.837580680847168, "passed": false}, "22": {"execution_time": 0.7939884662628174, "passed": false}, "23": {"execution_time": 1.16249680519104, "passed": false}, "24": {"execution_time": 0.6152827739715576, "passed": true}, "25": {"execution_time": 2.011983871459961, "passed": false}, "26": {"execution_time": 1.6120052337646484, "passed": false}, "27": {"execution_time": 2.5375139713287354, "passed": false}, "28": {"execution_time": 3.3579893112182617, "passed": false}, "29": {"execution_time": 0.8011288642883301, "passed": false}}}, "check_style_score": "1/1"}