{"version": "1", "message": "ERROR: Hidden Testcases server unreachable.", "problem_id": "ads2_m16_a1_1", "user_id": "ravalishnuguri", "score": {"sample": {"0": {"execution_time": 0.5568404197692871, "passed": true}, "1": {"execution_time": 0.6719400882720947, "passed": false}, "2": {"execution_time": 1.3364968299865723, "passed": true}, "3": {"execution_time": 1.569505214691162, "passed": true}, "4": {"execution_time": 1.5191147327423096, "passed": true}, "5": {"execution_time": 1.606088399887085, "passed": false}, "6": {"execution_time": 1.5216255187988281, "passed": false}, "7": {"execution_time": 1.5425422191619873, "passed": true}, "8": {"execution_time": 1.09999680519104, "passed": false}, "9": {"execution_time": 1.878972053527832, "passed": false}, "10": {"execution_time": 1.760624647140503, "passed": false}, "11": {"execution_time": 8.202741146087646, "passed": false}, "12": {"execution_time": 1.674694299697876, "passed": false}, "13": {"execution_time": 0.6042881011962891, "passed": true}, "14": {"execution_time": 1.5151562690734863, "passed": false}, "15": {"execution_time": 1.453871488571167, "passed": false}, "16": {"execution_time": 0.7904970645904541, "passed": true}, "17": {"execution_time": 0.7998363971710205, "passed": true}, "18": {"execution_time": 0.8000156879425049, "passed": false}, "19": {"execution_time": 0.8318073749542236, "passed": true}, "20": {"execution_time": 0.8786859512329102, "passed": false}, "21": {"execution_time": 0.8241822719573975, "passed": false}, "22": {"execution_time": 0.7750792503356934, "passed": false}, "23": {"execution_time": 0.852832555770874, "passed": true}, "24": {"execution_time": 0.6277399063110352, "passed": true}, "25": {"execution_time": 1.6847681999206543, "passed": false}, "26": {"execution_time": 1.4479742050170898, "passed": false}, "27": {"execution_time": 1.7611608505249023, "passed": false}, "28": {"execution_time": 3.391620635986328, "passed": false}, "29": {"execution_time": 0.5909125804901123, "passed": false}}}, "check_style_score": "1/1"}