{"version": "1", "message": "ERROR: Hidden Testcases server unreachable.", "problem_id": "ads2_m16_a1_1", "user_id": "ravalishnuguri", "score": {"sample": {"0": {"execution_time": 0.5510005950927734, "passed": true}, "1": {"execution_time": 0.5580799579620361, "passed": true}, "2": {"execution_time": 1.3461050987243652, "passed": true}, "3": {"execution_time": 1.3052897453308105, "passed": true}, "4": {"execution_time": 1.2999799251556396, "passed": true}, "5": {"execution_time": 1.3189783096313477, "passed": true}, "6": {"execution_time": 1.3649816513061523, "passed": true}, "7": {"execution_time": 1.3169467449188232, "passed": true}, "8": {"execution_time": 0.7249901294708252, "passed": true}, "9": {"execution_time": 1.5079774856567383, "passed": true}, "10": {"execution_time": 1.5290241241455078, "passed": true}, "11": {"execution_time": 6.383942365646362, "passed": true}, "12": {"execution_time": 1.75693941116333, "passed": true}, "13": {"execution_time": 0.590998649597168, "passed": true}, "14": {"execution_time": 1.4739806652069092, "passed": true}, "15": {"execution_time": 1.6360082626342773, "passed": true}, "16": {"execution_time": 0.7799522876739502, "passed": true}, "17": {"execution_time": 0.7765147686004639, "passed": true}, "18": {"execution_time": 0.7709267139434814, "passed": true}, "19": {"execution_time": 0.7979178428649902, "passed": true}, "20": {"execution_time": 0.9039874076843262, "passed": true}, "21": {"execution_time": 0.8409879207611084, "passed": true}, "22": {"execution_time": 0.7709841728210449, "passed": true}, "23": {"execution_time": 0.7860016822814941, "passed": true}, "24": {"execution_time": 0.5494804382324219, "passed": true}, "25": {"execution_time": 1.7279846668243408, "passed": true}, "26": {"execution_time": 1.343980312347412, "passed": true}, "27": {"execution_time": 1.6969411373138428, "passed": true}, "28": {"execution_time": 2.428145170211792, "passed": true}, "29": {"execution_time": 0.4019904136657715, "passed": true}}}, "check_style_score": "1/1"}