{"version": "1", "message": "ERROR: Hidden Testcases server unreachable.", "problem_id": "ads2_m16_a1_1", "user_id": "ravalishnuguri", "score": {"sample": {"0": {"execution_time": 0.638331413269043, "passed": true}, "1": {"execution_time": 0.5861797332763672, "passed": false}, "2": {"execution_time": 1.3352456092834473, "passed": true}, "3": {"execution_time": 1.2992665767669678, "passed": true}, "4": {"execution_time": 1.3823113441467285, "passed": true}, "5": {"execution_time": 1.3099966049194336, "passed": false}, "6": {"execution_time": 1.369744062423706, "passed": false}, "7": {"execution_time": 1.4901723861694336, "passed": true}, "8": {"execution_time": 0.8407304286956787, "passed": false}, "9": {"execution_time": 1.5399751663208008, "passed": true}, "10": {"execution_time": 1.5435748100280762, "passed": false}, "11": {"execution_time": 5.277245044708252, "passed": true}, "12": {"execution_time": 1.703387975692749, "passed": false}, "13": {"execution_time": 0.6969990730285645, "passed": true}, "14": {"execution_time": 1.6285138130187988, "passed": true}, "15": {"execution_time": 1.4868593215942383, "passed": false}, "16": {"execution_time": 0.7617552280426025, "passed": true}, "17": {"execution_time": 0.7598938941955566, "passed": true}, "18": {"execution_time": 0.7934415340423584, "passed": true}, "19": {"execution_time": 0.8703258037567139, "passed": true}, "20": {"execution_time": 0.8881731033325195, "passed": false}, "21": {"execution_time": 0.7919294834136963, "passed": true}, "22": {"execution_time": 0.805269718170166, "passed": true}, "23": {"execution_time": 0.8165221214294434, "passed": false}, "24": {"execution_time": 0.5995378494262695, "passed": true}, "25": {"execution_time": 1.780048131942749, "passed": false}, "26": {"execution_time": 1.349609136581421, "passed": false}, "27": {"execution_time": 1.7294747829437256, "passed": false}, "28": {"execution_time": 2.363910675048828, "passed": false}, "29": {"execution_time": 0.5695326328277588, "passed": false}}}, "check_style_score": "1/1"}