{"version": "1", "message": "ERROR: Hidden Testcases server unreachable.", "problem_id": "ads2_m16_a1_1", "user_id": "ravalishnuguri", "score": {"sample": {"0": {"execution_time": 0.5555832386016846, "passed": true}, "1": {"execution_time": 0.6120796203613281, "passed": true}, "2": {"execution_time": 1.3062283992767334, "passed": true}, "3": {"execution_time": 1.2626454830169678, "passed": true}, "4": {"execution_time": 1.3851242065429688, "passed": true}, "5": {"execution_time": 1.4156475067138672, "passed": true}, "6": {"execution_time": 1.2905704975128174, "passed": true}, "7": {"execution_time": 1.2939348220825195, "passed": true}, "8": {"execution_time": 0.8051118850708008, "passed": true}, "9": {"execution_time": 1.509568691253662, "passed": true}, "10": {"execution_time": 1.6964325904846191, "passed": true}, "11": {"execution_time": 6.179728031158447, "passed": true}, "12": {"execution_time": 1.4171724319458008, "passed": true}, "13": {"execution_time": 0.5597844123840332, "passed": true}, "14": {"execution_time": 1.3585011959075928, "passed": true}, "15": {"execution_time": 1.5626235008239746, "passed": true}, "16": {"execution_time": 0.8393032550811768, "passed": true}, "17": {"execution_time": 0.7715272903442383, "passed": true}, "18": {"execution_time": 0.7954959869384766, "passed": true}, "19": {"execution_time": 0.8411576747894287, "passed": true}, "20": {"execution_time": 0.8735933303833008, "passed": true}, "21": {"execution_time": 0.8195679187774658, "passed": true}, "22": {"execution_time": 0.7543137073516846, "passed": true}, "23": {"execution_time": 0.820258378982544, "passed": true}, "24": {"execution_time": 0.9873263835906982, "passed": true}, "25": {"execution_time": 1.7756071090698242, "passed": true}, "26": {"execution_time": 1.4042792320251465, "passed": true}, "27": {"execution_time": 1.8488044738769531, "passed": true}, "28": {"execution_time": 2.4459645748138428, "passed": true}, "29": {"execution_time": 0.5640251636505127, "passed": false}}}, "check_style_score": "1/1"}