{"version": "1", "message": "ERROR: Hidden Testcases server unreachable.", "problem_id": "ads2_m16_a1_1", "user_id": "ravalishnuguri", "score": {"sample": {"0": {"execution_time": 0.5610723495483398, "passed": true}, "1": {"execution_time": 0.5719912052154541, "passed": true}, "2": {"execution_time": 1.343984842300415, "passed": true}, "3": {"execution_time": 1.3869996070861816, "passed": true}, "4": {"execution_time": 1.3349823951721191, "passed": true}, "5": {"execution_time": 1.3363311290740967, "passed": true}, "6": {"execution_time": 1.3429875373840332, "passed": true}, "7": {"execution_time": 1.343945026397705, "passed": true}, "8": {"execution_time": 0.748988151550293, "passed": true}, "9": {"execution_time": 1.409491777420044, "passed": true}, "10": {"execution_time": 1.3159980773925781, "passed": true}, "11": {"execution_time": 5.452496528625488, "passed": true}, "12": {"execution_time": 1.3719804286956787, "passed": true}, "13": {"execution_time": 0.6129913330078125, "passed": true}, "14": {"execution_time": 1.5169734954833984, "passed": true}, "15": {"execution_time": 1.5560126304626465, "passed": true}, "16": {"execution_time": 0.8119826316833496, "passed": true}, "17": {"execution_time": 0.7839705944061279, "passed": true}, "18": {"execution_time": 0.7879891395568848, "passed": true}, "19": {"execution_time": 0.8379867076873779, "passed": true}, "20": {"execution_time": 0.8929944038391113, "passed": true}, "21": {"execution_time": 0.8699548244476318, "passed": true}, "22": {"execution_time": 0.8229892253875732, "passed": true}, "23": {"execution_time": 0.8189878463745117, "passed": true}, "24": {"execution_time": 0.5909926891326904, "passed": true}, "25": {"execution_time": 1.7209930419921875, "passed": true}, "26": {"execution_time": 1.3349504470825195, "passed": true}, "27": {"execution_time": 1.6859385967254639, "passed": true}, "28": {"execution_time": 2.3739840984344482, "passed": true}, "29": {"execution_time": 0.42299532890319824, "passed": true}}}, "check_style_score": "1/1"}