{"version": "1", "message": "ERROR: Hidden Testcases server unreachable.", "problem_id": "ads2_m16_a1_1", "user_id": "ravalishnuguri", "score": {"sample": {"0": {"execution_time": 0.5397100448608398, "passed": false}, "1": {"execution_time": 0.5551102161407471, "passed": false}, "2": {"execution_time": 1.2736480236053467, "passed": false}, "3": {"execution_time": 1.524467945098877, "passed": false}, "4": {"execution_time": 1.5702824592590332, "passed": false}, "5": {"execution_time": 1.576984167098999, "passed": false}, "6": {"execution_time": 1.5815081596374512, "passed": false}, "7": {"execution_time": 1.4916713237762451, "passed": false}, "8": {"execution_time": 0.7973639965057373, "passed": false}, "9": {"execution_time": 1.2954893112182617, "passed": false}, "10": {"execution_time": 1.293443202972412, "passed": false}, "11": {"execution_time": 5.729700088500977, "passed": false}, "12": {"execution_time": 1.2884483337402344, "passed": false}, "13": {"execution_time": 0.4639921188354492, "passed": true}, "14": {"execution_time": 1.2690744400024414, "passed": false}, "15": {"execution_time": 1.5509860515594482, "passed": false}, "16": {"execution_time": 0.7761199474334717, "passed": false}, "17": {"execution_time": 0.7465095520019531, "passed": false}, "18": {"execution_time": 0.7409613132476807, "passed": false}, "19": {"execution_time": 0.8356106281280518, "passed": false}, "20": {"execution_time": 0.8611922264099121, "passed": false}, "21": {"execution_time": 0.6888818740844727, "passed": false}, "22": {"execution_time": 0.8335561752319336, "passed": false}, "23": {"execution_time": 0.9979846477508545, "passed": false}, "24": {"execution_time": 0.8789877891540527, "passed": true}, "25": {"execution_time": 2.0749704837799072, "passed": false}, "26": {"execution_time": 1.4700138568878174, "passed": false}, "27": {"execution_time": 2.004969835281372, "passed": false}, "28": {"execution_time": 2.93088436126709, "passed": false}, "29": {"execution_time": 0.7299900054931641, "passed": false}}}, "check_style_score": "1/1"}