{"version": "1", "message": "ERROR: Hidden Testcases server unreachable.", "problem_id": "ads2_m16_a1_1", "user_id": "ravalishnuguri", "score": {"sample": {"0": {"execution_time": 0.9580368995666504, "passed": true}, "1": {"execution_time": 0.5476031303405762, "passed": true}, "2": {"execution_time": 1.319533109664917, "passed": true}, "3": {"execution_time": 1.260612964630127, "passed": true}, "4": {"execution_time": 1.2876276969909668, "passed": true}, "5": {"execution_time": 1.3475403785705566, "passed": true}, "6": {"execution_time": 1.333660364151001, "passed": true}, "7": {"execution_time": 1.3721611499786377, "passed": true}, "8": {"execution_time": 0.7431871891021729, "passed": true}, "9": {"execution_time": 1.2631661891937256, "passed": true}, "10": {"execution_time": 1.256960391998291, "passed": true}, "11": {"execution_time": 5.531790733337402, "passed": true}, "12": {"execution_time": 1.6562690734863281, "passed": true}, "13": {"execution_time": 0.5798251628875732, "passed": true}, "14": {"execution_time": 1.362769365310669, "passed": true}, "15": {"execution_time": 1.3878750801086426, "passed": true}, "16": {"execution_time": 0.8055856227874756, "passed": true}, "17": {"execution_time": 0.7815372943878174, "passed": true}, "18": {"execution_time": 0.7633988857269287, "passed": true}, "19": {"execution_time": 0.8398399353027344, "passed": true}, "20": {"execution_time": 0.8561007976531982, "passed": true}, "21": {"execution_time": 0.7420110702514648, "passed": true}, "22": {"execution_time": 0.7382714748382568, "passed": true}, "23": {"execution_time": 0.7058734893798828, "passed": true}, "24": {"execution_time": 0.5909464359283447, "passed": true}, "25": {"execution_time": 1.9576120376586914, "passed": true}, "26": {"execution_time": 1.673433780670166, "passed": true}, "27": {"execution_time": 2.4011340141296387, "passed": true}, "28": {"execution_time": 3.013258695602417, "passed": true}, "29": {"execution_time": 0.6275992393493652, "passed": false}}}, "check_style_score": "1/1"}