{"version": "1", "message": "ERROR: Hidden Testcases server unreachable.", "problem_id": "ads2_m6_a1_1", "user_id": "ravalishnuguri", "score": {"sample": {"0": {"execution_time": 0.6242473125457764, "passed": false}, "1": {"execution_time": 0.49142932891845703, "passed": false}, "2": {"execution_time": 0.47121214866638184, "passed": false}, "3": {"execution_time": 0.4590768814086914, "passed": false}, "4": {"execution_time": 0.36258935928344727, "passed": false}, "5": {"execution_time": 0.35556530952453613, "passed": false}, "6": {"execution_time": 0.4518568515777588, "passed": false}, "7": {"execution_time": 0.3335447311401367, "passed": false}, "8": {"execution_time": 0.5274555683135986, "passed": false}, "9": {"execution_time": 0.36075854301452637, "passed": false}, "10": {"execution_time": 0.49401021003723145, "passed": true}, "11": {"execution_time": 0.35933756828308105, "passed": false}}}, "check_style_score": "0/1"}