{"version": "1", "message": "ERROR: Hidden Testcases server unreachable.", "problem_id": "ads2_m6_a1_1", "user_id": "ravalishnuguri", "score": {"sample": {"0": {"execution_time": 0.4258079528808594, "passed": false}, "1": {"execution_time": 0.4166111946105957, "passed": false}, "2": {"execution_time": 0.41694021224975586, "passed": false}, "3": {"execution_time": 0.4413607120513916, "passed": false}, "4": {"execution_time": 0.34241533279418945, "passed": false}, "5": {"execution_time": 0.3512134552001953, "passed": false}, "6": {"execution_time": 0.4173588752746582, "passed": false}, "7": {"execution_time": 0.3692903518676758, "passed": false}, "8": {"execution_time": 0.43655920028686523, "passed": false}, "9": {"execution_time": 0.39497852325439453, "passed": false}, "10": {"execution_time": 0.4377267360687256, "passed": false}, "11": {"execution_time": 0.361203670501709, "passed": false}}}, "check_style_score": "0/1"}