{"version": "1", "message": "ERROR: Hidden Testcases server unreachable.", "problem_id": "ads2_m6_a1_1", "user_id": "ravalishnuguri", "score": {"sample": {"0": {"execution_time": 0.45110654830932617, "passed": false}, "1": {"execution_time": 0.4707164764404297, "passed": false}, "2": {"execution_time": 0.44157886505126953, "passed": false}, "3": {"execution_time": 0.4552280902862549, "passed": false}, "4": {"execution_time": 0.4033846855163574, "passed": false}, "5": {"execution_time": 0.3643338680267334, "passed": false}, "6": {"execution_time": 0.4187192916870117, "passed": false}, "7": {"execution_time": 0.3399784564971924, "passed": false}, "8": {"execution_time": 0.41892433166503906, "passed": false}, "9": {"execution_time": 0.3371732234954834, "passed": false}, "10": {"execution_time": 0.43560290336608887, "passed": false}, "11": {"execution_time": 0.34111785888671875, "passed": false}}}, "check_style_score": "0/1"}