{"version": "1", "message": "ERROR: Hidden Testcases server unreachable.", "problem_id": "ads2_m6_a1_1", "user_id": "ravalishnuguri", "score": {"sample": {"0": {"execution_time": 0.4708998203277588, "passed": false}, "1": {"execution_time": 0.46561193466186523, "passed": false}, "2": {"execution_time": 0.46666455268859863, "passed": false}, "3": {"execution_time": 0.48294854164123535, "passed": false}, "4": {"execution_time": 0.3509538173675537, "passed": false}, "5": {"execution_time": 0.34269261360168457, "passed": false}, "6": {"execution_time": 0.4514749050140381, "passed": true}, "7": {"execution_time": 0.3275938034057617, "passed": false}, "8": {"execution_time": 0.44020771980285645, "passed": true}, "9": {"execution_time": 0.34181809425354004, "passed": false}, "10": {"execution_time": 0.4352896213531494, "passed": false}, "11": {"execution_time": 0.33939194679260254, "passed": false}}}, "check_style_score": "0/1"}