{"version": "1", "message": "ERROR: Hidden Testcases server unreachable.", "problem_id": "ads2_m6_a1_1", "user_id": "ravalishnuguri", "score": {"sample": {"0": {"execution_time": 0.4349532127380371, "passed": false}, "1": {"execution_time": 0.4407529830932617, "passed": false}, "2": {"execution_time": 0.4406697750091553, "passed": false}, "3": {"execution_time": 0.554248571395874, "passed": false}, "4": {"execution_time": 0.3628058433532715, "passed": false}, "5": {"execution_time": 0.34372901916503906, "passed": false}, "6": {"execution_time": 0.4838888645172119, "passed": false}, "7": {"execution_time": 0.3451368808746338, "passed": false}, "8": {"execution_time": 0.4854261875152588, "passed": false}, "9": {"execution_time": 0.43657827377319336, "passed": false}, "10": {"execution_time": 0.4563486576080322, "passed": false}, "11": {"execution_time": 0.3372964859008789, "passed": false}}}, "check_style_score": "0/1"}