{"version": "1", "message": "ERROR: Hidden Testcases server unreachable.", "problem_id": "ads2_m6_a1_1", "user_id": "ravalishnuguri", "score": {"sample": {"0": {"execution_time": 0.44493603706359863, "passed": false}, "1": {"execution_time": 0.4391791820526123, "passed": false}, "2": {"execution_time": 0.438854455947876, "passed": false}, "3": {"execution_time": 0.45821118354797363, "passed": false}, "4": {"execution_time": 0.34852147102355957, "passed": false}, "5": {"execution_time": 0.35674500465393066, "passed": false}, "6": {"execution_time": 0.4270150661468506, "passed": false}, "7": {"execution_time": 0.37763547897338867, "passed": false}, "8": {"execution_time": 0.4329802989959717, "passed": false}, "9": {"execution_time": 0.35028719902038574, "passed": false}, "10": {"execution_time": 0.4542992115020752, "passed": false}, "11": {"execution_time": 0.37296056747436523, "passed": false}}}, "check_style_score": "0/1"}