{"version": "1", "message": "ERROR: Hidden Testcases server unreachable.", "problem_id": "ads2_m6_a1_1", "user_id": "ravalishnuguri", "score": {"sample": {"0": {"execution_time": 0.8469159603118896, "passed": false}, "1": {"execution_time": 0.3513481616973877, "passed": false}, "2": {"execution_time": 0.3339838981628418, "passed": false}, "3": {"execution_time": 0.34538841247558594, "passed": false}, "4": {"execution_time": 0.33791160583496094, "passed": false}, "5": {"execution_time": 0.34115076065063477, "passed": false}, "6": {"execution_time": 0.41148948669433594, "passed": false}, "7": {"execution_time": 0.3488423824310303, "passed": false}, "8": {"execution_time": 0.34283995628356934, "passed": false}, "9": {"execution_time": 0.34153056144714355, "passed": false}, "10": {"execution_time": 0.4190177917480469, "passed": false}, "11": {"execution_time": 0.3435096740722656, "passed": false}}}, "check_style_score": "0/1"}