{"version": "1", "message": "ERROR: Hidden Testcases server unreachable.", "problem_id": "ads2_m6_a1_1", "user_id": "ravalishnuguri", "score": {"sample": {"0": {"execution_time": 0.47832274436950684, "passed": false}, "1": {"execution_time": 0.4590942859649658, "passed": false}, "2": {"execution_time": 0.46960973739624023, "passed": false}, "3": {"execution_time": 0.4677131175994873, "passed": false}, "4": {"execution_time": 0.3548107147216797, "passed": false}, "5": {"execution_time": 0.34676146507263184, "passed": false}, "6": {"execution_time": 0.44391798973083496, "passed": true}, "7": {"execution_time": 0.36349034309387207, "passed": false}, "8": {"execution_time": 0.4574599266052246, "passed": true}, "9": {"execution_time": 0.34433507919311523, "passed": false}, "10": {"execution_time": 0.46735215187072754, "passed": false}, "11": {"execution_time": 0.49610304832458496, "passed": false}}}, "check_style_score": "0/1"}