{"version": "1", "message": "ERROR: Hidden Testcases server unreachable.", "problem_id": "ads2_m6_a1_1", "user_id": "ravalishnuguri", "score": {"sample": {"0": {"execution_time": 0.4289867877960205, "passed": false}, "1": {"execution_time": 0.490936279296875, "passed": false}, "2": {"execution_time": 0.42647552490234375, "passed": false}, "3": {"execution_time": 0.47344970703125, "passed": false}, "4": {"execution_time": 0.3495757579803467, "passed": false}, "5": {"execution_time": 0.36673545837402344, "passed": false}, "6": {"execution_time": 0.41945505142211914, "passed": false}, "7": {"execution_time": 0.3592076301574707, "passed": false}, "8": {"execution_time": 0.44980549812316895, "passed": false}, "9": {"execution_time": 0.3432319164276123, "passed": false}, "10": {"execution_time": 0.4287686347961426, "passed": false}, "11": {"execution_time": 0.3477766513824463, "passed": false}}}, "check_style_score": "0/1"}