{"version": "1", "message": "ERROR: Hidden Testcases server unreachable.", "problem_id": "ads2_m4_a1_1", "user_id": "ktej95", "score": {"sample": {"0": {"execution_time": 0.21301603317260742, "passed": true}, "1": {"execution_time": 0.24654936790466309, "passed": true}, "2": {"execution_time": 0.23836231231689453, "passed": true}, "3": {"execution_time": 0.24634528160095215, "passed": true}, "4": {"execution_time": 0.25644636154174805, "passed": true}, "5": {"execution_time": 0.19398212432861328, "passed": true}, "6": {"execution_time": 0.2524755001068115, "passed": true}, "7": {"execution_time": 0.18233847618103027, "passed": true}, "8": {"execution_time": 0.20520257949829102, "passed": true}, "9": {"execution_time": 0.169189453125, "passed": true}, "10": {"execution_time": 0.17989253997802734, "passed": true}, "11": {"execution_time": 0.22826576232910156, "passed": true}, "12": {"execution_time": 0.1936016082763672, "passed": true}, "13": {"execution_time": 0.7943055629730225, "passed": true}, "14": {"execution_time": 0.17807483673095703, "passed": true}}}, "check_style_score": "1/1"}