{"version": "1", "message": "ERROR: Hidden Testcases server unreachable.", "problem_id": "ads2_m4_a1_1", "user_id": "ravalishnuguri", "score": {"sample": {"0": {"execution_time": 0.4669632911682129, "passed": true}, "1": {"execution_time": 0.47258496284484863, "passed": true}, "2": {"execution_time": 0.5075325965881348, "passed": true}, "3": {"execution_time": 0.5303008556365967, "passed": true}, "4": {"execution_time": 0.4047062397003174, "passed": true}, "5": {"execution_time": 0.43731236457824707, "passed": true}, "6": {"execution_time": 0.42671990394592285, "passed": true}, "7": {"execution_time": 0.42662882804870605, "passed": true}, "8": {"execution_time": 0.462583065032959, "passed": true}, "9": {"execution_time": 0.39723658561706543, "passed": true}, "10": {"execution_time": 0.4133493900299072, "passed": true}, "11": {"execution_time": 0.4033021926879883, "passed": true}, "12": {"execution_time": 0.37790441513061523, "passed": true}, "13": {"execution_time": 2.3948874473571777, "passed": true}, "14": {"execution_time": 0.40348291397094727, "passed": true}}}, "check_style_score": "1/1"}